,ê‚ëŒéºìx,0,0.0005,0.001,0.0015,0.002,0.0025,0.003,0.0035,0.004,0.0045,0.005,0.0055,0.006,0.0065,0.007,0.0075,0.008,0.0085,0.009,0.0095,0.01,0.0105,0.011,0.0115,0.012,0.0125,0.013,0.0135,0.014,0.0145,0.015,0.0155,0.016,0.0165,0.017,0.0175,0.018,0.0185,0.019,0.0195,0.02,0.0205,0.021,0.0215,0.022,0.0225,0.023,0.0235,0.024,0.0245,0.025,0.0255,0.026,0.0265,0.027,0.0275,0.028,0.0285,0.029,0.0295,0.03,0.0305,0.031,0.0315,0.032,0.0325,0.033,0.0335,0.034,0.0345,0.035,0.0355,0.036,0.0365,0.037
ñOòaê‚ëŒéºìx,ä£ãÖâ∑ìx,,,,,,,,,,,,,,,,,,,,,,,,,,,,,,,,,,,,,,,,,,,,,,,,,,,,,,,,,,,,,,,,,,,,,,,,,,,
0.001599508,-10,-13.05674863,-12.07845679,-11.12158323,-10.18409807,-10.00000026,,,,,,,,,,,,,,,,,,,,,,,,,,,,,,,,,,,,,,,,,,,,,,,,,,,,,,,,,,,,,,,,,,,,,,
0.001672161,-9.5,-12.6661324,-11.69508884,-10.74480845,-9.815457754,-9.500000265,,,,,,,,,,,,,,,,,,,,,,,,,,,,,,,,,,,,,,,,,,,,,,,,,,,,,,,,,,,,,,,,,,,,,,
0.001747828,-9,-12.27827647,-11.3145216,-10.37158025,-9.449667904,-9.000000268,,,,,,,,,,,,,,,,,,,,,,,,,,,,,,,,,,,,,,,,,,,,,,,,,,,,,,,,,,,,,,,,,,,,,,
0.001826621,-8.5,-11.89320133,-10.9367717,-10.00119638,-9.08673725,-8.500000271,,,,,,,,,,,,,,,,,,,,,,,,,,,,,,,,,,,,,,,,,,,,,,,,,,,,,,,,,,,,,,,,,,,,,,
0.001908657,-8,-11.51092593,-10.56185425,-9.633668131,-8.726673024,-8.000000272,,,,,,,,,,,,,,,,,,,,,,,,,,,,,,,,,,,,,,,,,,,,,,,,,,,,,,,,,,,,,,,,,,,,,,
0.001994058,-7.5,-11.13146767,-10.18978279,-9.269005253,-8.369480976,-7.500000272,,,,,,,,,,,,,,,,,,,,,,,,,,,,,,,,,,,,,,,,,,,,,,,,,,,,,,,,,,,,,,,,,,,,,,
0.002082947,-7,-10.7548424,-9.820569343,-8.907215991,-8.015165393,-7.142743987,-7.000000269,,,,,,,,,,,,,,,,,,,,,,,,,,,,,,,,,,,,,,,,,,,,,,,,,,,,,,,,,,,,,,,,,,,,,
0.002175453,-6.5,-10.38106443,-9.454224364,-8.548307087,-7.66372912,-6.798697204,-6.500000264,,,,,,,,,,,,,,,,,,,,,,,,,,,,,,,,,,,,,,,,,,,,,,,,,,,,,,,,,,,,,,,,,,,,,
0.00227171,-6,-10.0101465,-9.090756799,-8.1922838,-7.315173591,-6.457522154,-6.000000256,,,,,,,,,,,,,,,,,,,,,,,,,,,,,,,,,,,,,,,,,,,,,,,,,,,,,,,,,,,,,,,,,,,,,
0.002371856,-5.5,-9.642099797,-8.73017407,-7.839149926,-6.969498854,-6.119215648,-5.500000246,,,,,,,,,,,,,,,,,,,,,,,,,,,,,,,,,,,,,,,,,,,,,,,,,,,,,,,,,,,,,,,,,,,,,
0.002476033,-5,-9.276933987,-8.372482104,-7.488907821,-6.625991184,-5.78377323,-5.000000232,,,,,,,,,,,,,,,,,,,,,,,,,,,,,,,,,,,,,,,,,,,,,,,,,,,,,,,,,,,,,,,,,,,,,
0.002584387,-4.5,-8.914657191,-8.017685346,-7.14155843,-6.286036578,-5.451189216,-4.635680224,-4.500000215,,,,,,,,,,,,,,,,,,,,,,,,,,,,,,,,,,,,,,,,,,,,,,,,,,,,,,,,,,,,,,,,,,,,
0.00269707,-4,-8.555276018,-7.665786785,-6.797101315,-5.948960433,-5.121456733,-4.313166734,-4.000000195,,,,,,,,,,,,,,,,,,,,,,,,,,,,,,,,,,,,,,,,,,,,,,,,,,,,,,,,,,,,,,,,,,,,
0.002814239,-3.5,-8.198795582,-7.316787977,-6.455534686,-5.614757848,-4.794567754,-3.993466128,-3.500000172,,,,,,,,,,,,,,,,,,,,,,,,,,,,,,,,,,,,,,,,,,,,,,,,,,,,,,,,,,,,,,,,,,,,
0.002936056,-3,-7.845219521,-6.970689076,-6.116855432,-5.283422697,-4.470513146,-3.676566794,-3.000000147,,,,,
0.003062688,-2.5,-7.494550023,-6.627488862,-5.781059161,-4.954947667,-4.149282706,-3.36245616,-2.594626853,-2.500000119,,,,
0.003194308,-2,-7.14678785,-6.287184777,-5.448140234,-4.629324302,-3.830865204,-3.051120734,-2.290513756,-2.000000091,,,,
0.003331093,-1.5,-6.801932374,-5.949772954,-5.118091803,-4.306543041,-3.515248428,-2.742546152,-1.988847738,-1.50055384,,,,
0.003473227,-1,-6.459981603,-5.615248259,-4.790905854,-3.98659326,-3.202419224,-2.436717217,-1.689881191,-1.000425115,,,,
0.003620901,-0.5,-6.120932217,-5.283604328,-4.466573243,-3.669463317,-2.892363543,-2.133617942,-1.393557605,-0.672046553,-0.50027956,,,
0.00377431,0,-5.784779605,-4.954833603,-4.145083743,-3.35514059,-2.585066478,-1.833231596,-1.099941566,-0.384917449,-0.000116213,,,
0.003914891,0.5,-5.451517903,-4.628927377,-3.826426083,-3.043611525,-2.280512315,-1.53549959,-0.808970665,-0.100497792,0.500523093,,,
0.004059739,1,-5.12114003,-4.305875836,-3.510587991,-2.73486168,-1.978684568,-1.240491049,-0.520115394,0.191109579,0.914458714,0.999978796,,
0.004209356,1.5,-4.793637731,-3.985668095,-3.197556241,-2.428875761,-1.679566029,-0.948141681,-0.234678839,0.485708979,1.203452118,1.499971711,,
0.004363881,2,-4.469001621,-3.668292249,-2.887316692,-2.125637675,-1.383100133,-0.658432197,0.050680279,0.778326486,1.490900317,1.999962761,,
0.004523455,2.5,-4.147221222,-3.353735414,-2.579854334,-1.825701415,-1.089350862,-0.371342765,0.346135277,1.068735571,1.775779609,2.467768929,2.499951595,
0.004688222,3,-3.82828501,-3.041983766,-2.275153333,-1.527797664,-0.798255743,-0.086737097,0.640180231,1.356929071,2.058486318,2.7452389,2.999937829,
0.00485833,3.5,-3.512180457,-2.733022594,-1.973197072,-1.232626798,-0.509795094,0.20494966,0.931756007,1.642923311,2.339037338,3.020470837,3.499921046,
0.005033933,4,-3.198894075,-2.426836336,-1.673968195,-0.940124427,-0.223948706,0.500128374,1.221090543,1.926734899,2.617449795,3.293609089,3.955315464,3.999900801
0.005215185,4.5,-2.888411464,-2.123408628,-1.377998626,-0.650271026,0.06213788,0.79287031,1.508215673,2.208380707,2.893741033,3.564671367,4.221544204,4.499876623
0.005402247,5,-2.580717349,-1.822722342,-1.084067124,-0.363046527,0.358130517,1.083362144,1.793147971,2.487877845,3.167928593,3.833675539,4.48549126,4.999848016,,,,,,,,
0.005595281,5.5,-2.275795633,-1.524759624,-0.79279917,-0.078139642,0.652039559,1.371634316,2.075904281,2.76524365,3.440030193,4.10063961,4.747444347,5.38080841,5.499836768,,,,,,,
0.005794456,6,-1.973629432,-1.229501983,-0.504174849,0.214162816,0.943720871,1.657703363,2.356501696,3.040495657,3.71006371,4.365581705,5.007421753,5.63593548,5.999827118,,,,,,,
0.005999945,6.5,-1.674201126,-0.937408687,-0.218173722,0.509272922,1.233156449,1.9415861,2.634957538,3.313651589,3.977505781,4.627999123,5.265425336,5.889143228,6.499817591,,,,,,,
0.006211922,7,-1.377492383,-0.647362561,0.068181333,0.802143304,1.520378499,2.223299597,2.911289341,3.584112541,4.243340082,4.888828119,5.520958546,6.140449003,6.746762135,6.999808257,,,,,,
0.006430568,7.5,-1.083484265,-0.359954588,0.364529158,1.092758869,1.805403801,2.502861162,3.184870086,3.853006237,4.507145197,5.147673563,5.774972109,6.389870162,6.991603811,7.499799174,,,,,,
0.006656069,8,-0.792639115,-0.074700963,0.65858978,1.38115039,2.0882494,2.779656897,3.45687885,4.119842375,4.768938488,5.404552904,6.027065097,6.636847562,7.234623008,7.819777603,7.999790393,,,,,
0.006888615,8.5,-0.503802129,0.21778377,0.950417944,1.667334612,2.368349353,3.054836991,3.72680159,4.384638264,5.028737392,5.65948363,6.277254987,6.882422202,7.475348149,8.056623428,8.499781951,,,,,
0.007128399,9,-0.217597682,0.513069069,1.239995625,1.951328551,2.64675758,3.327902545,3.994655536,4.647411308,5.28655942,5.912483264,6.525559263,7.126156262,7.714634994,8.291725001,8.856732793,8.999773876,,,,
0.00737562,9.5,0.068813294,0.806109614,1.527355342,2.232515429,2.923022739,3.598870674,4.260458029,4.908178987,5.542422109,6.163569348,6.771995403,7.368067106,7.952142943,8.524572684,9.085944334,9.499766179,,,,
0.007630483,10,0.365539124,1.096890364,1.812514077,2.512037511,3.197161803,3.867758633,4.524226511,5.166958861,5.796343042,6.412759434,7.016580872,7.608172061,8.187889145,8.756079376,9.313488,9.859325586,9.999758861,,,
0.007893197,10.5,0.65979351,1.385442373,2.094820093,2.789404831,3.469191904,4.134583793,4.785978507,5.423768534,6.048339826,6.660071072,7.259333112,7.846488415,8.421890692,8.985884603,9.538805561,10.08125358,10.49975191,,,
0.008163975,11,0.95181033,1.671782585,2.375473503,3.064634368,3.739130318,4.399363631,5.045731614,5.67862564,6.29843008,6.905521801,7.500269531,8.083033402,8.654164608,9.214005147,9.762887659,10.30113533,10.82919302,10.99974529,,
0.008443038,11.5,1.241571651,1.955239449,2.653960326,3.337743266,4.006994444,4.662115716,5.303503516,5.931547848,6.546631424,7.14912914,7.739407497,8.317824199,8.884727843,9.440457703,9.985343593,10.5197058,11.04417581,11.49973896,,
0.008730611,12,1.529110247,2.237041908,2.930297542,3.608748818,4.272801794,4.922857689,5.559311891,6.182552844,6.792961473,7.390910577,7.97676433,8.550877917,9.113597269,9.665258875,10.20618968,10.73670703,11.25711871,11.76790604,11.99973286,
0.009026923,12.5,1.813749132,2.516665825,3.204502306,3.877668451,4.536569975,5.181607278,5.813174469,6.431658319,7.037437821,7.630883562,8.212357292,8.782211597,9.340789673,9.888425171,10.42544212,10.95215491,11.46886833,11.97626855,12.47351118,12.49972693
0.009332211,13,2.096718614,2.794128178,3.476591925,4.144519707,4.798316674,5.438382246,6.065109003,6.678881961,7.280078038,7.8690655,8.446203583,9.011842201,9.566321751,10.109973,10.64311702,11.16606522,11.67911936,12.18257169,12.67696644,12.99972107,,,,,,,,,,,,
0.009646717,13.5,2.377497468,3.069446125,3.74658385,4.409320232,5.058059647,5.693200368,6.315133254,6.924241442,7.520899655,8.10547374,8.678320333,9.239786606,9.790210104,10.32991866,10.85923037,11.37845361,11.88788712,12.38782013,12.87853246,13.36042636,13.49971521,,,,,,,,,,,
0.009970689,14,2.656102666,3.34263699,4.014495652,4.672087754,5.315816765,5.94607946,6.563264981,7.167754409,7.75992016,8.34012557,8.908724596,9.466061602,10.01247123,10.54827835,11.07379803,11.58933562,12.09518681,12.59163779,13.07896539,13.5578053,13.99970923,,,,,,,,,,,
0.010304382,14.5,2.932551369,3.61371824,4.28034501,4.932840076,5.571605834,6.197037353,6.809521933,7.409438478,7.997156991,8.57303821,9.13743334,9.690683885,10.23312154,10.76506815,11.28683577,11.79872666,12.30103348,12.79403938,13.27801818,13.75323457,14.22019519,14.49970302,,,,,,,,,,
0.010648054,15,3.206860908,3.882707474,4.544149696,5.191595105,5.825444734,6.446091879,7.053921837,7.649311221,8.232627524,8.804228803,9.364463451,9.913670049,10.4521773,10.98030403,11.49835919,12.00664202,12.50544208,12.99503948,13.47570506,13.94770053,14.41127875,14.86682142,14.99969647,,,,,,,,,
0.011001975,15.5,3.479048769,4.149622405,4.805927559,5.448370759,6.077351364,6.693260862,7.296482391,7.887390161,8.466349069,9.033714415,9.589831716,10.13503659,10.66965471,11.19400182,11.70838382,12.21309684,12.70842738,13.19465253,13.6720401,14.14084886,14.60132879,15.05372125,15.49793225,15.49968945,,,,,,,,
0.011366417,16,3.749132575,4.414480842,5.065696515,5.703184951,6.327343629,6.938562108,7.53722125,8.123692764,8.698338862,9.261512022,9.813554827,10.35479989,10.88556981,11.40617726,11.91692503,12.41810615,12.91000407,13.39289283,13.86703724,14.33269315,14.79010764,15.23951926,15.68146131,15.99968185,,,,,,,,
0.01174166,16.5,4.017130068,4.677300679,5.323474633,5.956055646,6.575439426,7.182013396,7.776156027,8.35823643,8.928614061,9.487638509,10.03564937,10.57297621,11.09993856,11.61684595,12.12399807,12.62168485,13.11018668,13.58977455,14.0607103,14.52324685,14.9776284,15.42409071,15.86286136,16.29437131,16.49967354,,,,,,,
0.012127992,17,4.283059095,4.93809988,5.579279838,6.207000819,6.821656642,7.423632468,8.013304274,8.59103849,9.157191738,9.712110662,10.25613184,10.78958173,11.31277676,11.82602335,12.32961805,12.82384769,13.30898959,13.78531172,14.25307294,14.71252326,15.16390402,15.6074482,16.04338067,16.47191842,16.89336734,16.99999998,,,,,,
0.012525708,17.5,4.546937591,5.196896529,5.833130161,6.456038445,7.066013136,7.663437021,8.248683485,8.822116194,9.384088873,9.934945168,10.47501858,11.00463248,11.52410013,12.03372481,12.53379995,13.02460929,13.50642706,13.97951823,14.4441387,14.90053555,15.34894731,15.78960421,16.22272839,16.64853423,17.06722859,17.47880174,17.49999998,,,,,
0.012935109,18,4.808783568,5.45370871,6.085043649,6.703186485,7.308526735,7.901444699,8.482311081,9.05148671,9.609322351,10.15615861,10.69232587,11.21814437,11.73392422,12.23996555,12.73655864,13.22398414,13.70251323,14.17240785,14.63392096,15.08729676,15.53277097,15.97057105,16.40091649,16.82401908,17.24008314,17.64963185,17.99999997,,,,,
0.013356506,18.5,5.068615099,5.708554467,6.335038348,6.948462882,7.549215222,8.137673085,8.714204408,9.279167114,9.832908955,10.37576744,10.90806984,11.4301332,11.94226448,12.44476063,12.93790882,13.42198659,13.89726205,14.36399418,14.82243298,15.27281979,15.71538752,16.15036092,16.57795683,16.99838448,17.41184566,17.81853511,18.21890715,18.49999997,,,,
0.013790214,19,5.326450466,5.961451913,6.5831323,7.191885546,7.788096331,8.372139695,8.94438073,9.505174388,10.05486536,10.59378804,11.1222665,11.64061464,12.14913621,12.64812501,13.13786507,13.61863084,14.09068739,14.5542907,15.00968787,15.45711738,15.89680937,16.32898588,16.75386113,17.1716418,17.58252721,17.98670971,18.38437482,18.77591759,18.99999997,,,
0.014236561,19.5,5.582307706,6.212419171,6.829343526,7.433472347,8.025187738,8.604861969,9.17285722,9.729525416,10.27520814,10.81023662,11.33493175,11.84960422,12.35455459,12.85007349,13.33644183,13.81393096,14.28280294,14.74331075,15.19569862,15.64020217,16.0770488,16.50645786,16.92864101,17.34380232,17.75213873,18.15384021,18.54909,18.93806488,19.32111057,19.49999997,,
0.014695879,20,5.836205,6.461474357,7.073690021,7.673241109,8.26050705,8.835857267,9.399650959,9.952236973,10.49395374,11.02512931,11.54608135,12.05711734,12.55853465,13.05062075,13.5336534,14.00790089,14.47362226,14.93106754,15.38047805,15.82208664,16.25611794,16.68278866,17.10230787,17.51487715,17.92069103,18.31993711,18.7127964,19.09944348,19.48004681,19.85491298,19.99999997,
0.01516851,20.5,6.088160542,6.708635573,7.316189742,7.911209597,8.494071803,9.065142861,9.624778929,10.17332573,10.71111851,11.23848209,11.75573093,12.26316928,12.76109131,13.24978131,13.72951395,14.20055442,14.66315877,15.11757411,15.56403887,16.00278312,16.43402878,16.85798992,17.27487307,17.68487731,18.08819479,18.4850108,18.8755041,19.25984711,19.63820623,20.01074196,20.37773219,20.49999996
0.015654805,21,6.338192525,6.953920898,7.556860601,8.147395516,8.725899456,9.292735931,9.848258008,10.39280824,10.92671865,11.45031083,11.963896,12.46777517,12.96223932,13.44756957,13.92403748,14.3919052,14.85142577,15.30284338,15.74639365,16.18230384,16.6107932,17.03207324,17.44634781,17.85381368,18.25466058,18.64907153,19.03722305,19.41928546,19.79542306,20.16579441,20.53055249,20.88995694,20.99999996,,,,,,,,,,,,,,,,,,
0.016155124,21.5,6.586319132,7.197348375,7.795720458,8.381816496,8.956007378,9.51865356,10.07010496,10.61070093,11.14077026,11.66063127,12.17059193,12.67095002,13.16199331,13.64399979,14.11723788,14.58196673,15.03843638,15.48688815,15.9275548,16.36066087,16.78642293,17.2050499,17.61674314,18.02169699,18.42009884,18.81212943,19.19796311,19.57776807,19.9517066,20.31993528,20.68260521,21.03986226,21.39195828,21.49999996,,,,,,,,,,,,,,,,,
0.016669837,22,6.832558522,7.438936006,8.032787108,8.614490093,9.184412848,9.742912724,10.29033645,10.82702014,11.35328931,11.86945901,12.37583395,12.87270868,13.36036777,13.83908606,14.3091289,14.77075238,15.22420363,15.66972105,16.10753461,16.53786614,16.96092962,17.37693124,17.78607003,18.18853789,18.58451988,18.97419452,19.35773399,19.7353044,20.10706601,20.47317348,20.83377604,21.18901776,21.53903769,21.88409043,21.99999995,,,,,,,,,,,,,,,,
0.01719932,22.5,7.076928827,7.678701742,8.268078279,8.845433775,9.411133051,9.965530296,10.50896901,11.04178204,11.56429162,12.07680951,12.57963716,13.07306587,13.55737704,14.03284237,14.49972412,14.95827539,15.40874036,15.85135458,16.28634525,16.71393148,17.13432463,17.54772837,17.95433928,18.35434686,18.74793391,19.1352767,19.5165453,19.89190376,20.26151035,20.6255178,20.98407352,21.33731979,21.68539395,22.02842866,22.36669156,22.49999995,,,,,,,,,,,,,,,
0.017743963,23,7.319448138,7.916663472,8.501611625,9.074664922,9.636185065,10.18652303,10.72601907,11.25500272,11.77379291,12.28269812,12.78201652,13.27203619,13.75303533,14.22528254,14.689037,15.14454883,15.5920593,16.03180112,16.46399871,16.88886853,17.30661936,17.71745232,18.12156158,18.5191343,18.91035099,19.29538576,19.67440655,20.04757538,20.41504856,20.77697694,21.13350609,21.48477654,21.83092396,22.17207937,22.50836928,22.84008469,22.99999995,,,,,,,,,,,,,,
0.018304164,23.5,7.560134496,8.152839023,8.733404713,9.30220082,9.859585866,10.40590758,10.94150292,11.46669809,11.98180874,12.48714002,12.98298684,13.46963406,13.9473567,14.41642025,14.87708086,15.32958567,15.77417304,16.21107288,16.64050689,17.06268894,17.47782501,17.88611397,18.2877475,18.68291045,19.07178109,19.45453136,19.83132712,20.20232838,20.5676895,20.92755948,21.28208208,21.63139612,21.97563559,22.31492989,22.64940402,22.97917871,23.30457836,23.49999994,,,,,,,,,,,,,
0.018880331,24,7.799005886,8.387246143,8.963475026,9.528058652,10.08135232,10.62370046,11.15543672,11.67688398,12.18835454,12.69015027,13.1825628,13.66587378,14.14035508,14.60626906,15.06386887,15.51339869,15.95509402,16.38918197,16.81588153,17.23540394,17.64795265,18.05372406,18.45290747,18.84568545,19.23223404,19.61272305,19.98731628,20.35617174,20.7194419,21.0772739,21.42980974,21.77718652,22.11953659,22.45698777,22.78966354,23.11768316,23.44116189,23.76046741,23.99999994,,,,,,,,,,,,
0.019472884,24.5,8.03608023,8.619902503,9.19183995,9.752255495,10.30150116,10.83991808,11.36783652,11.88557605,12.39344561,12.89174379,13.38075895,13.86076951,14.33204422,14.79484236,15.24941406,15.69600058,16.13483456,16.56614035,16.99013433,17.4070249,17.81701324,18.22029323,18.61705183,19.00746932,19.39171957,19.76997027,20.14238319,20.50911437,20.8703144,21.22612859,21.5766972,21.92215564,22.26263464,22.59826046,22.92915507,23.2554363,23.57721801,23.89461026,24.20771944,24.49999993,,,,,,,,,,,
0.020082253,25,8.271375376,8.850825685,9.418516772,9.974808316,10.52004903,11.0545767,11.57871824,12.09278984,12.59709712,13.09193535,13.57758966,14.05433527,14.52243778,14.98215342,15.43372933,15.87740385,16.31340682,16.74195982,17.1632766,17.57756296,17.9850176,18.38583198,18.78019076,19.16827196,19.55024728,19.92628235,20.2965369,20.66116505,21.02031552,21.37413183,21.72275251,22.0663113,22.40493733,22.73875533,23.06788578,23.39244509,23.71254574,24.02829648,24.33980243,24.64716525,24.95053695,24.99999993,,,,,,,,,
0.02070888,25.5,8.504909094,9.080033179,9.643522674,10.19573397,10.73701243,11.26769248,11.78809764,12.29854074,12.79932407,13.29073959,13.7730692,14.24658492,14.71154924,15.16821535,15.61682741,16.0576209,16.49082283,16.91665208,17.33531977,17.74702914,18.15197641,18.5503507,18.94233434,19.32810314,19.70782668,20.08166849,20.44978635,20.81233246,21.1694537,21.52129181,21.86798361,22.2096612,22.54645215,22.87847966,23.20586274,23.52871639,23.84715176,24.16127627,24.47119381,24.77700484,25.07880652,25.37682709,25.49999992,,,,,,,,
0.021353218,26,8.73669907,9.307542377,9.86687473,10.41504919,10.95240775,11.47928142,11.99599035,12.50284401,13.00014133,13.488171,13.96721166,14.43753218,14.89939195,15.35304112,15.79872093,16.23666397,16.6670945,17.09022879,17.50627506,17.91543432,18.31790026,18.71385965,19.10349252,19.48697253,19.86446712,20.23613781,20.60214039,20.96262519,21.31773726,21.6676166,22.01239835,22.35221298,22.68718651,23.01744064,23.34309293,23.664257,23.98104266,24.29355606,24.60189984,24.90617327,25.20647238,25.50289009,25.79573978,25.99999991,,,,,,,
0.022015732,26.5,8.966762897,9.533370566,10.0885899,10.63277058,11.16625122,11.6893594,12.2024119,12.70571477,13.19956365,13.68424392,14.16003101,14.62719064,15.08597911,15.53664357,15.97942235,16.41454519,16.84223358,17.26270117,17.67615356,18.08278927,18.48279959,18.87636895,19.26367516,19.64488969,20.0201779,20.38969929,20.75360774,21.1120517,21.46517443,21.81311419,22.15600448,22.49397417,22.82714772,23.15564536,23.47958325,23.79907362,24.11422497,24.42514217,24.73192667,25.03467654,25.3334867,25.62844897,25.91965225,26.20718257,26.49102866,26.49999991,,,,,
0.022696902,27,9.195118072,9.757534925,10.30868502,10.84891464,11.37855897,11.89794218,12.40737762,12.907168,13.3976056,13.87897256,14.35154108,14.81557374,15.27132379,15.7190354,16.158944,16.59127651,17.01625183,17.4340806,17.84496621,18.24910462,18.64668472,19.03788863,19.42289196,19.80186403,20.17496815,20.54236183,20.90419703,21.26062037,21.61177333,21.95779249,22.29880967,22.6349522,22.96634301,23.29310087,23.61534053,23.93317288,24.24670512,24.55604087,24.86128038,25.16252056,25.45985522,25.75337512,26.04316811,26.32931924,26.61191089,26.89114287,26.99999991,,,,
0.023397216,27.5,9.421781988,9.980052521,10.52717681,11.06349772,11.58934698,12.10504535,12.61090275,13.10721852,13.59428164,14.07237096,14.54175552,15.00269477,15.45543891,15.90022916,16.33729807,16.76686979,17.1891605,17.60437824,18.01272386,18.41439088,18.80956584,19.19842859,19.58115254,19.9579049,20.32884693,20.69413421,21.05391679,21.40833947,21.757542,22.10165927,22.4408215,22.77515443,23.10477951,23.42981408,23.7503715,24.06656133,24.37848948,24.68625835,24.98996699,25.28971119,25.58558364,25.87767406,26.16606928,26.45085339,26.73210779,27.00991138,27.28434057,27.4999999,,,
0.02411718,28,9.646771931,10.2009403,10.74408187,11.27653605,11.79863111,12.31068437,12.81300235,13.30588102,13.78960605,14.26445305,14.73068787,15.18856687,15.63833724,16.08023726,16.51449662,16.94133672,17.36097107,17.77360511,18.1794372,18.57865844,18.97145304,19.35799861,19.73846638,20.11302149,20.48182318,20.84502509,21.20277542,21.55521718,21.90248838,22.24472225,22.58204743,22.91458812,23.2424643,23.56579187,23.88468283,24.19924544,24.50958434,24.81580072,25.11799244,25.41625419,25.71067758,26.00135127,26.2883611,26.57179018,26.85171901,27.12822558,27.40138543,27.67127183,27.93802447,27.9999999,
0.024857311,28.5,9.870105077,10.4202151,10.95941666,11.48804572,12.00642706,12.51487457,13.01369136,13.50317005,13.983593,14.45523259,14.91835151,15.37320307,15.82003142,16.25907197,16.69055156,17.11468901,17.53169478,17.94177212,18.34511681,18.74191756,19.13235628,19.51660835,19.89484286,20.2672229,20.63390572,20.99504305,21.35078125,21.70126156,22.04662029,22.38698904,22.72249486,23.05326045,23.37940432,23.70104099,24.0182811,24.3312316,24.63999591,24.94467401,25.24536262,25.5421553,25.8351426,26.12441216,26.41004882,26.69213475,26.97074954,27.24597027,27.51787167,27.78652616,28.05200394,28.31457906,28.49999989
0.025618141,29,10.09179848,10.63789361,11.17319752,11.69804268,12.21275041,12.71763114,13.21298458,13.6991,14.17625648,14.6447232,15.10475969,15.55661621,16.00053396,16.43674542,16.86547468,17.28693783,17.7013427,18.10889003,18.50977314,18.90417838,19.29228539,19.67426735,20.05029125,20.42051813,20.78510329,21.14419656,21.4979425,21.8464806,22.18994549,22.52846716,22.8621711,23.19117851,23.51560649,23.83556814,24.1511728,24.46252614,24.76973034,25.07288421,25.37208332,25.66742015,25.95898418,26.24686206,26.53113764,26.81189216,27.08920429,27.36315026,27.63380395,27.90123698,28.16551878,28.42671668,28.684896,28.94018667,28.99999989,,,,,,,,,,,,,,,,,,,,,,
0.026400216,29.5,10.31186909,10.85399241,11.38544065,11.90654275,12.41761657,12.91896909,13.41089663,13.89368512,14.36761037,14.83293835,15.2899255,15.73881903,16.17985719,16.61326962,17.03927777,17.45809461,17.86992583,18.27496949,18.67341652,19.06545093,19.4512501,19.83098506,20.2048207,20.57291605,20.93542449,21.29249398,21.64426728,21.99088217,22.33247163,22.66916403,23.00108335,23.32834931,23.65107759,23.96937994,24.28336437,24.5931353,24.89879371,25.20043721,25.49816029,25.79205432,26.08220777,26.36870626,26.6516327,26.93106739,27.20708813,27.47977028,27.7491869,28.0154088,28.27850466,28.53854106,28.79558261,29.049692,29.30093006,29.49999989,,,,,,,,,,,,,,,,,,,,,
0.027204099,30,10.5303337,11.06852795,11.5961621,12.11356161,12.62104084,13.11890334,13.60744203,14.08693952,14.55766837,15.01989138,15.47386189,15.9198241,16.35801334,16.78865642,17.21197204,17.62817053,18.03745499,18.44002102,18.83605715,19.2257451,19.60926001,19.98677079,20.35844025,20.72442545,21.08487784,21.43994357,21.78976362,22.13447407,22.47420626,22.809087,23.13923875,23.46477978,23.78582436,24.10248291,24.41486215,24.72306526,25.02719199,25.32733885,25.62359919,25.91606333,26.20481871,26.48994997,26.77153908,27.04966541,27.32440589,27.59583503,27.86402508,28.12904606,28.39096589,28.64985044,28.90576361,29.1587674,29.408922,29.65628585,29.90102599,29.99999989,,,,,,,,,,,,,,,,,,,
0.028030366,30.5,10.74720901,11.28151653,11.80537782,12.31911479,12.82303836,13.31744861,13.8026351,14.27887714,14.74644405,15.20559547,15.65658167,16.09964386,16.53501449,16.96291754,17.38356903,17.79717661,18.20394089,18.60405501,18.99770512,19.38507067,19.76632462,20.14163374,20.51115883,20.87505498,21.23347177,21.5865535,21.93443945,22.27726399,22.61515686,22.94824332,23.27664433,23.60047674,23.91985344,24.23488352,24.54567242,24.85232209,25.15493113,25.45359489,25.74840563,26.03945264,26.32682233,26.61059837,26.8908618,27.1676911,27.44116232,27.71134914,27.978323,28.24215316,28.50290678,28.76064902,29.01544308,29.2673503,29.51643022,29.76274066,30.00633775,30.24727602,30.48545853,30.49999988,,,,,,,,,,,,,,,,,
0.028879611,31,10.96251157,11.49297433,12.01310357,12.52321769,13.02362411,13.5146195,13.99649007,14.46951181,14.93395084,15.39006366,15.8380975,16.27829061,16.71087256,17.13606474,17.55407996,17.96512378,18.36939412,18.76708172,19.15837038,19.54343731,19.9224533,20.29558302,20.66298528,21.02481322,21.38121457,21.73233184,22.07830258,22.41925952,22.75533079,23.08664014,23.41330706,23.73544696,24.0531714,24.36658813,24.67580137,24.98091185,25.28201699,25.57921103,25.87258516,26.16222762,26.44822385,26.73065655,27.00960584,27.2851493,27.55736212,27.82631719,28.09208513,28.35473445,28.61433156,28.87094092,29.12462504,29.37544462,29.62345854,29.86872402,30.1112966,30.35123023,30.58857734,30.82338887,30.99999988,,,,,,,,,,,,,,,,
0.029752444,31.5,11.1762578,11.70291738,12.219355,12.72588554,13.22281295,13.71043048,14.18902098,14.65885719,15.12020201,15.57330885,16.01842192,16.45577651,16.88559938,17.30810914,17.72351595,18.13202281,18.53382515,18.9291113,19.31806279,19.70085457,20.0776553,20.44862761,20.81392831,21.17370862,21.52811445,21.87728655,22.22136075,22.56046817,22.89473536,23.22428456,23.5492338,23.86969713,24.18578472,24.49760307,24.80525514,25.10884047,25.40845534,25.70419289,25.99614324,26.28439362,26.56902847,26.85012956,27.12777609,27.40204477,27.67300996,27.94074371,28.20531589,28.46679422,28.72524442,28.98073023,29.23331349,29.48305424,29.73001075,29.97423963,30.21579582,30.45473274,30.69110224,30.92495477,31.15633933,31.38543124,31.49999988,,,,,,,,,,,,,,
0.030649492,32,11.38846398,11.91136158,12.42414761,12.92713345,13.42061957,13.90489582,14.38024174,14.84692678,15.3052107,15.7553438,16.19756729,16.63211358,17.05920676,17.47906222,17.89188799,18.29788435,18.69724429,19.09015378,19.47679205,19.85733187,20.23193979,20.60077639,20.96399653,21.32174955,21.67417954,22.02142551,22.36362161,22.70089736,23.03337777,23.36118356,23.68443136,24.00323382,24.31769981,24.62793456,24.93403978,25.23611385,25.53425192,25.82854604,26.11908529,26.40595588,26.6892413,26.96902237,27.24537741,27.51838225,27.78811043,28.05463319,28.31801963,28.57833674,28.83564951,29.09002098,29.34151235,29.590183,29.8360906,30.07929113,30.319839,30.55778702,30.79318656,31.02608751,31.25653839,31.48458637,31.71027733,31.93372967,31.99999988,,,,,,,,,,,,
0.031571401,32.5,11.59914627,12.11832268,12.62749675,13.12697636,13.61705852,14.0980297,14.57016611,15.03373397,15.48898989,15.93618111,16.37554587,16.8073137,17.2317059,17.64893517,18.05920692,18.46271894,18.85966177,19.25021906,19.63456779,20.01287855,20.38531581,20.75203814,21.11319845,21.46894425,21.81941783,22.16475648,22.50509271,22.84055442,23.17126512,23.49734406,23.81890644,24.13606358,24.44892302,24.75758874,25.06216126,25.3627378,25.65941238,25.95227598,26.24141666,26.52691962,26.80886741,27.08733993,27.36241459,27.63416641,27.90266808,28.16799006,28.43020068,28.6893662,28.94555091,29.19881717,29.44922552,29.6968347,29.94170178,30.18388215,30.42342964,30.66039653,30.89483364,31.12679036,31.35631472,31.58345341,31.80825185,32.03075423,32.25100353,32.46907599,32.49999988,,,,,,,,,,
0.032518836,33,11.80832066,12.32381628,12.82941764,13.32542909,13.81214422,14.28984612,14.75880769,15.21929197,15.67155242,16.11583325,16.55236975,16.98138861,17.40310837,17.81773903,18.22548347,18.62653696,19.02108767,19.40931693,19.79139949,20.1675038,20.53779228,20.9024215,21.26154249,21.6153009,21.96383725,22.30728716,22.6457815,22.9794466,23.30840445,23.63277288,23.95266568,24.26819283,24.57946059,24.88657171,25.18962551,25.48871807,25.78394231,26.07538815,26.36314263,26.64728999,26.9279118,27.20508709,27.47889239,27.74940186,28.0166874,28.28081869,28.5418633,28.79988677,29.05495269,29.30712276,29.55645685,29.80301311,30.04684797,30.28801626,30.52657124,30.76256466,30.99604681,31.22706658,31.45567151,31.68190781,31.90582046,32.12745321,32.34684861,32.5640481,32.77909202,32.99193851,32.99999988,,,,,,,,
0.033492478,33.5,12.01600302,12.52785784,13.02992531,13.52250628,14.00589091,14.48035892,14.94617996,15.40361387,15.85291099,16.29431255,16.7280509,17.15435011,17.57342541,17.98548474,18.39072823,18.78934871,19.18153197,19.56745705,19.94729652,20.32121673,20.68937803,21.05193506,21.40903694,21.76082754,22.10744563,22.44902514,22.78569534,23.11758103,23.44480271,23.76747676,24.08571562,24.39962794,24.70931872,25.01488948,25.31643837,25.61406034,25.90784722,26.19788791,26.48426843,26.76707205,27.04637943,27.32226868,27.59481549,27.86409318,28.13017285,28.39312341,28.65301171,28.90990256,29.16385886,29.41494165,29.66321016,29.90872193,30.15153279,30.39169699,30.62926726,30.86429479,31.09682936,31.32691938,31.55461188,31.77995263,32.00298615,32.22375576,32.44230359,32.65867068,32.87289696,33.08502134,33.2950817,33.49999988,,,,,,,
0.034493031,34,12.22220906,12.73046268,13.22903469,13.71822245,14.19831269,14.66958183,15.13229624,15.58671258,16.03307816,16.47163118,16.90260114,17.32620929,17.74266816,18.15218308,18.55495167,18.95116432,19.34100449,19.72464898,20.10226816,20.47402631,20.84008177,21.20058725,21.55569001,21.90553213,22.25025067,22.58997791,22.92484153,23.2549648,23.58046676,23.90146238,24.21806275,24.53037521,24.83850352,25.14254798,25.44260561,25.73877022,26.03113259,26.31978059,26.60479923,26.88627085,27.16427518,27.43888946,27.71018852,27.97824487,28.24312882,28.50490852,28.76365008,29.01941763,29.27227338,29.5222777,29.76948922,30.01396484,30.25575982,30.49492786,30.7315211,30.96559024,31.19718455,31.42635192,31.65313894,31.8775909,32.09975188,32.31966477,32.5373713,32.75291209,32.96632671,33.17765367,33.38693049,33.59419372,33.79947897,33.99999987,,,,,
0.035521219,34.5,12.42695436,12.93164597,13.42676053,13.91259194,14.38942353,14.8575284,15.31716968,15.76860091,16.21206633,16.64780121,17.07603236,17.49697768,17.91084762,18.31784473,18.71816414,19.11199384,19.49951499,19.88090214,20.25632356,20.62594143,20.98991212,21.34838644,21.70150981,22.04942255,22.39226002,22.73015288,23.06322725,23.39160488,23.71540337,24.03473631,24.34971345,24.66044085,24.96702102,25.26955309,25.56813293,25.86285326,26.15380381,26.44107141,26.72474013,27.00489135,27.2816039,27.55495414,27.82501607,28.0918614,28.35555965,28.61617825,28.87378256,29.12843601,29.38020017,29.62913475,29.87529775,30.11874548,30.35953262,30.59771231,30.83333615,31.06645432,31.29711559,31.52536736,31.75125576,31.97482562,32.19612059,32.41518312,32.63205454,32.84677509,33.05938394,33.26991924,33.47841815,33.68491687,33.88945068,34.09205396,34.29276024,34.49151836,34.49999987,,
0.036577788,35,12.63025433,13.13142272,13.62311745,14.10562896,14.57923723,15.04421203,15.50081332,15.9492915,16.38988778,16.82283452,17.24835571,17.66666647,18.07797464,18.48248021,18.88037585,19.27184717,19.65707306,20.03622587,20.40947175,20.77697085,21.13887759,21.49534087,21.84650434,22.19250656,22.53348122,22.86955738,23.2008596,23.52750817,23.84961926,24.16730507,24.48067405,24.78983099,25.09487719,25.39591061,25.69302598,25.98631495,26.27586621,26.56176559,26.84409618,27.12293846,27.39837035,27.67046736,27.93930267,28.20494718,28.46746966,28.72693678,28.9834132,29.23696168,29.4876431,29.73551656,29.98063944,30.22306744,30.4628547,30.70005377,30.93471575,31.16689029,31.39662567,31.62396882,31.84896538,32.07165976,32.29209516,32.51031363,32.72635609,32.94026239,33.15207131,33.36182065,33.5695472,33.77528684,33.97907452,34.18094428,34.38092935,34.57906209,34.7753741,34.96992924,34.99999986
0.037663503,35.5,12.83212425,13.32980779,13.81811989,14.29734758,14.76776744,15.229646,15.68324003,16.12879683,16.56655464,16.99674289,17.4195828,17.83528675,18.24405997,18.64609994,19.04159689,19.43073411,19.8136882,20.19062937,20.56172167,20.92712324,21.28698657,21.64145871,21.99068151,22.33479183,22.67392171,23.00819862,23.33774561,23.66268149,23.98312103,24.29917509,24.6109508,24.91855172,25.22207794,25.52162626,25.81729032,26.1091607,26.39732506,26.68186823,26.96287237,27.24041703,27.51457927,27.78543374,28.0530528,28.31750658,28.57886308,28.83718825,29.09254606,29.34499858,29.59460603,29.8414269,30.08551794,30.3269343,30.56572952,30.80195564,31.03566321,31.26690139,31.49571795,31.72215936,31.9462708,32.16809625,32.38767848,32.60505912,32.82027869,33.03337666,33.24439144,33.45336045,33.66032017,33.86530611,34.06835289,34.26949427,34.46876313,34.66619157,34.86181086,35.05565154,35.49999985
0.038779157,36,13.03257925,13.5268159,14.01178218,14.48776168,14.95502768,15.41384343,15.86446254,16.30712928,16.74207889,17.16953818,17.5897249,18.00284944,18.40911421,18.80871421,19.20183725,19.58866432,19.9693698,20.34412174,20.71308213,21.07640715,21.43424736,21.786748,22.13404914,22.47628595,22.81358886,23.14608376,23.47389221,23.79713157,24.11591522,24.43035271,24.74054987,25.04660902,25.34862908,25.64670573,25.94093148,26.23139588,26.51818557,26.80138441,27.08107363,27.35733187,27.63023533,27.89985782,28.16627089,28.42954391,28.68974413,28.94693677,29.20118513,29.45255058,29.70109274,29.94686944,30.18993686,30.43034956,30.66816053,30.90342126,31.1361818,31.36649079,31.59439554,31.81994203,32.04317502,32.26413802,32.48287339,32.69942236,32.91382505,33.12612056,33.33634692,33.5445412,33.75073953,33.9549771,34.15728819,34.35770625,34.55626387,34.75299284,34.94792417,35.1410881,35.99999983
0.039925563,36.5,13.2316343,13.72246162,14.20411847,14.67688504,15.1410313,15.59681727,16.04449345,16.48430104,16.91647238,17.34123142,17.75879317,18.16936535,18.57314785,18.97033317,19.36110678,19.74564737,20.12412711,20.49671196,20.86356186,21.22483103,21.58066817,21.93121669,22.27661494,22.61699641,22.95248993,23.28321986,23.60930625,23.93086507,24.24800831,24.56084421,24.86947734,25.17400882,25.47453639,25.7711546,26.06395489,26.35302577,26.63845289,26.92031915,27.19870484,27.47368773,27.74534315,28.01374409,28.27896133,28.54106344,28.80011696,29.05618639,29.30933434,29.55962155,29.80710698,30.05184786,30.29389978,30.53331671,30.77015112,31.00445396,31.23627476,31.46566168,31.69266154,31.91731987,32.13968097,32.35978793,32.5776827,32.7934061,33.00699787,33.21849672,33.42794032,33.63536541,33.84080775,34.04430221,34.24588276,34.44558253,34.64343382,34.83946813,35.03371617,35.22620794,36.49999981
0.04110356,37,13.42930423,13.91675935,14.39514276,14.86473126,15.32579151,15.77858036,16.22334519,16.6603242,17.08974706,17.5118342,17.92679861,18.33484517,18.73617123,19.13096687,19.51941521,19.90169268,20.2779693,20.64840891,21.01316946,21.37240324,21.72625709,22.07487265,22.41838654,22.75693061,23.09063211,23.41961387,23.7439945,24.06388855,24.37940667,24.6906558,24.99773926,25.30075698,25.59980555,25.8949784,26.18636594,26.47405562,26.75813211,27.03867739,27.31577082,27.58948929,27.85990729,28.12709702,28.39112844,28.65206939,28.90998567,29.16494111,29.41699762,29.6662153,29.91265247,30.15636577,30.39741021,30.6358392,30.87170466,31.10505701,31.33594529,31.56441717,31.79051899,32.01429584,32.23579156,32.45504884,32.6721092,32.88701307,33.09979981,33.31050774,33.5191742,33.72583557,33.93052727,34.13328384,34.33413894,34.5331254,34.73027523,34.92561962,35.11918903,35.31101316,36.99999979
0.042314014,37.5,13.6256037,14.10972337,14.58486892,15.05131379,15.50932138,15.95914538,16.40103006,16.83521069,17.26191403,17.68135774,18.09375211,18.49929945,18.89819459,19.29062523,19.67677216,20.0568096,20.43090539,20.79922135,21.16191344,21.51913203,21.87102214,22.21772363,22.55937147,22.89609586,23.22802249,23.5552727,23.87796365,24.19620851,24.51011661,24.8197936,25.12534158,25.42685929,25.72444219,26.01818262,26.30816993,26.59449059,26.87722827,27.15646403,27.43227633,27.70474119,27.97393228,28.23992099,28.5027765,28.76256593,29.01935435,29.2732049,29.52417882,29.77233558,30.01773288,30.26042677,30.50047166,30.73792044,30.97282447,31.20523367,31.43519658,31.66276037,31.88797093,32.1108729,32.33150969,32.54992357,32.76615564,32.98024596,33.19223349,33.40215621,33.61005108,33.81595414,34.01990048,34.22192433,34.42205904,34.62033713,34.8167903,35.01144948,35.20434485,35.39550585,37.49999977
0.043557816,38,13.82054723,14.30136778,14.77331064,15.23664594,15.69163383,16.13852484,16.57756023,17.0089723,17.43298497,17.84981312,18.25966442,18.6627386,19.05922804,19.44931805,19.83318714,20.21100732,20.58294434,20.94915796,21.30980219,21.66502554,22.0149712,22.35977732,22.69957717,23.03449938,23.36466809,23.69020315,24.01122031,24.32783138,24.64014437,24.94826367,25.25229018,25.55232146,25.84845186,26.14077265,26.42937214,26.71433579,26.99574634,27.27368391,27.54822608,27.81944803,28.08742258,28.35222035,28.61390976,28.87255719,29.12822701,29.38098166,29.63088176,29.87798612,30.12235184,30.36403438,30.60308759,30.8395638,31.07351385,31.30498715,31.53403174,31.76069433,31.98502035,32.20705398,32.42683822,32.64441491,32.85982476,33.07310744,33.28430154,33.49344467,33.70057344,33.90572356,34.1089298,34.31022605,34.50964535,34.70721994,34.90298123,35.09695986,35.28918575,35.47968807,37.99999975
0.044835886,38.5,14.01414919,14.49170653,14.96048148,15.42074086,15.87274161,16.31673115,16.75294771,17.18162093,17.60297116,18.01721131,18.42454616,18.82517293,19.21928155,19.60705499,19.98866951,20.36429494,20.73409495,21.09822728,21.45684402,21.81009182,22.15811209,22.50104128,22.839011,23.17214831,23.50057582,23.82441194,24.14377101,24.45876349,24.7694961,25.07607199,25.37859087,25.67714915,25.97184007,26.26275384,26.54997775,26.83359629,27.11369124,27.39034182,27.66362474,27.93361432,28.2003826,28.4639994,28.7245324,28.98204725,29.23660762,29.48827529,29.73711022,29.98317061,30.22651295,30.46719212,30.70526141,30.94077262,31.17377605,31.40432063,31.6324539,31.8582221,32.08167021,32.30284198,32.52177997,32.73852562,32.95311926,33.16560015,33.37600653,33.58437564,33.79074377,33.99514626,34.19761757,34.39819128,34.59690014,34.79377606,34.98885019,35.1821529,35.37371382,35.56356187,38.49999973
0.046149173,39,14.20642379,14.68075343,15.14639485,15.60361158,16.05265737,16.49377655,16.92720438,17.35316761,17.77188378,18.18356312,18.58840782,18.9866126,19.37836499,19.76384564,20.14322856,20.51668146,20.88436594,21.24643777,21.60304712,21.95433882,22.30045253,22.64152299,22.97768022,23.30904969,23.63575253,23.95790571,24.27562219,24.5890111,24.8981779,25.20322449,25.50424941,25.80134794,26.09461223,26.38413146,26.6699919,26.95227707,27.23106782,27.50644248,27.7784769,28.04724456,28.31281671,28.5752624,28.83464856,29.09104014,29.34450012,29.59508961,29.84286794,30.08789269,30.33021976,30.56990345,30.80699652,31.0415502,31.27361431,31.50323726,31.73046612,31.95534667,32.17792344,32.39823975,32.61633774,32.83225845,33.04604181,33.25772671,33.46735103,33.67495165,33.88056451,34.08422463,34.28596615,34.48582234,34.68382564,34.88000769,35.07439934,35.26703069,35.45793111,35.64712926,38.99999972
0.047498655,39.5,14.3973851,14.86852215,15.331064,15.78527094,16.23139356,16.66967314,17.10034197,17.52362395,17.93973385,18.34887925,18.75125978,19.14706769,19.53648811,19.91969942,20.29687345,20.66817576,21.03376592,21.39379777,21.74841959,22.0977744,22.44200013,22.78122986,23.115592,23.44521048,23.77020498,24.09069103,24.40678024,24.71858042,25.02619576,25.32972699,25.62927146,25.92492335,26.21677373,26.50491074,26.78941967,27.07038307,27.3478809,27.62199058,27.89278711,28.16034318,28.42472923,28.68601354,28.94426234,29.19953985,29.45190839,29.70142842,29.94815862,30.19215597,30.43347579,30.67217181,30.90829625,31.14189981,31.3730318,31.60174014,31.82807144,32.05207102,32.27378295,32.49325013,32.7105143,32.92561609,33.13859506,33.34948971,33.55833756,33.76517514,33.97003807,34.17296104,34.37397786,34.57312149,34.77042409,34.96591701,35.15963081,35.35159532,35.54183967,35.73039224,39.49999974
0.048885344,40,14.58704702,15.05502617,15.51450204,15.96573167,16.40896254,16.84443289,17.27237236,17.6930012,18.10653228,18.51317028,18.91311228,19.3065481,19.69366053,20.07462568,20.4496132,20.81878659,21.18230341,21.54031554,21.89296943,22.24040632,22.58276242,22.92016918,23.25275342,23.58063758,23.90393985,24.22277438,24.53725144,24.84747754,25.15355565,25.45558528,25.75366266,26.04788084,26.33832986,26.62509684,26.90826607,27.18791918,27.46413522,27.73699073,28.00655989,28.27291456,28.53612441,28.79625699,29.05337779,29.30755035,29.5588363,29.80729547,30.05298591,30.29596402,30.53628452,30.7740006,31.00916391,31.24182468,31.47203169,31.69983238,31.92527289,32.14839808,32.36925161,32.58787594,32.8043124,33.01860124,33.23078163,33.44089171,33.64896863,33.8550486,34.05916687,34.26135784,34.46165499,34.66009099,34.85669769,35.05150616,35.2445467,35.43584888,35.62544153,35.81335282,39.99999978
0.050310281,40.5,14.77542331,15.24027886,15.69672192,16.14500633,16.58537648,17.0180676,17.44330645,17.86131048,18.27228984,18.67644663,19.07397543,19.46506364,19.84989175,20.22863362,20.60145678,20.96852264,21.32998679,21.68599921,22.03670454,22.38224223,22.72274684,23.05834816,23.3891715,23.71533777,24.03696374,24.35416218,24.66704202,24.97570853,25.28026343,25.58080506,25.87742853,26.1702258,26.45928587,26.74469484,27.02653606,27.30489023,27.57983548,27.85144751,28.11979967,28.38496303,28.64700649,28.90599686,29.16199891,29.41507551,29.66528763,29.91269446,30.15735344,30.39932035,30.63864939,30.87539316,31.1096028,31.34132801,31.57061709,31.79751701,32.02207342,32.24433076,32.46433225,32.68211994,32.89773476,33.11121655,33.32260412,33.53193524,33.73924673,33.94457443,34.14795328,34.34941735,34.54899982,34.74673305,34.94264862,35.1367773,35.32914912,35.51979339,35.7087387,35.89601294,40.49999985
0.051774544,41,14.96252758,15.42429342,15.87773645,16.32310736,16.76064743,17.19058926,17.61315585,18.02856275,18.43701717,18.83871863,19.23385924,19.62262402,20.00519117,20.38173236,20.75241299,21.11739244,21.47682436,21.83085684,22.17963272,22.52328972,22.86196072,23.19577395,23.52485314,23.84931776,24.16928316,24.48486074,24.79615813,25.10327934,25.4063249,25.70539197,26.00057456,26.29196357,26.57964694,26.86370981,27.14423456,27.42130097,27.69498632,27.96536544,28.23251086,28.49649288,28.75737964,29.01523721,29.27012968,29.52211922,29.77126616,30.01762906,30.26126477,30.50222848,30.7405738,30.97635282,31.20961615,31.44041298,31.66879111,31.89479705,32.118476,32.33987195,32.5590277,32.77598489,32.99078405,33.20346464,33.41406509,33.62262283,33.82917431,34.03375504,34.23639965,34.43714188,34.6360146,34.8330499,35.02827904,35.22173253,35.41344014,35.6034309,35.79173316,35.97837457,40.99999994
0.053279246,41.5,15.14837327,15.60708289,16.0575583,16.50004702,16.93478731,17.36200883,17.78193175,18.19476886,18.60072477,18.99999645,19.39277356,19.77923879,20.15956806,20.53393088,20.90249055,21.26540446,21.62282432,21.97489638,22.32176168,22.66355625,23.00041133,23.33245357,23.65980519,23.9825842,24.30090456,24.61487633,24.92460585,25.23019589,25.53174579,25.82935159,26.12310617,26.41309939,26.69941819,26.9821467,27.26136639,27.53715613,27.80959233,28.07874898,28.34469781,28.60750835,28.86724798,29.12398206,29.37777399,29.62868528,29.87677561,30.12210292,30.36472345,30.60469184,30.84206113,31.07688288,31.30920717,31.5390827,31.7665568,31.99167549,32.21448354,32.4350245,32.65334074,32.86947351,33.08346294,33.29534812,33.5051671,33.71295696,33.9187538,34.12259283,34.32450832,34.5245337,34.72270157,34.9190437,35.11359108,35.30637395,35.4974218,35.68676342,35.87442689,36.06043963,41.49996801
0.054825535,42,15.33297368,15.7886602,16.23619998,16.67583745,17.10780788,17.53233801,17.94964519,18.35993954,18.76342304,19.16029016,19.55072817,19.93491741,20.31303159,20.68523806,21.05169808,21.41256705,21.76799477,22.11812567,22.46309903,22.80304922,23.13810584,23.46839398,23.79403439,24.11514364,24.4318343,24.74421512,25.05239117,25.35646401,25.65653178,25.95268942,26.24502872,26.5336385,26.81860468,27.10001046,27.37793636,27.65246038,27.92365805,28.19160255,28.45636483,28.71801362,28.97661559,29.2322354,29.48493574,29.73477748,29.98181966,30.22611961,30.46773299,30.70671385,30.94311471,31.17698658,31.40837904,31.63734028,31.86391718,32.08815528,32.31009893,32.52979122,32.74727413,32.9625885,33.17577407,33.38686956,33.59591266,33.80294009,34.00798763,34.21109013,34.41228158,34.61159508,34.80906294,35.00471663,35.19858688,35.39070364,35.58109615,35.76979294,35.95682184,36.14221004,41.99999989
0.056414601,42.5,15.51634198,15.96903808,16.41367385,16.85049065,17.27972107,17.70158805,18.1163071,18.52408535,18.92512222,19.3196097,19.70773268,20.08966921,20.4655908,20.83566269,21.20004408,21.55888844,21.91234369,22.26055247,22.60365231,22.94177592,23.27505132,23.60360206,23.92754742,24.24700254,24.56207866,24.87288322,25.17952003,25.48208945,25.78068847,26.07541091,26.36634749,26.65358601,26.93721142,27.21730595,27.49394921,27.76721832,28.03718796,28.30393053,28.56751615,28.82801284,29.08548652,29.34000114,29.59161875,29.84039955,30.08640195,30.32968269,30.57029684,30.8082979,31.04373783,31.27666714,31.50713489,31.7351888,31.96087525,32.18423937,32.40532502,32.62417492,32.8408306,33.05533252,33.26772004,33.47803151,33.68630426,33.89257467,34.09687817,34.2992493,34.49972173,34.69832826,34.89510089,35.09007084,35.28326853,35.47472365,35.66446519,35.85252142,36.03891994,36.2236877,42.49999936
0.05804767,43,15.69849116,16.14822915,16.58999215,17.02401847,17.45053775,17.86977009,18.28192826,18.68721676,19.08583245,19.4779649,19.86379663,20.24350343,20.61725464,20.98521342,21.34753696,21.70437679,22.055879,22.40218444,22.74342894,23.07974357,23.41125478,23.7380846,24.06035085,24.37816732,24.69164387,25.00088667,25.3059983,25.60707791,25.90422139,26.19752143,26.48706772,26.77294704,27.05524335,27.33403797,27.6094096,27.8814345,28.15018651,28.41573722,28.678156,28.9375101,29.19386474,29.44728319,29.69782682,29.94555518,30.19052609,30.43279568,30.67241844,30.90944733,31.14393377,31.37592775,31.60547784,31.83263128,32.05743399,32.27993063,32.50016465,32.71817835,32.93401285,33.14770822,33.35930345,33.5688365,33.77634438,33.9818631,34.18542779,34.38707264,34.58683102,34.78473544,34.98081761,35.17510844,35.3676381,35.55843603,35.74753093,35.93495084,36.12072312,36.30487447,42.99999793
0.059726014,43.5,15.87943407,16.32624587,16.76516696,17.19643294,17.62026959,18.03689514,18.44651934,18.84934409,19.24556374,19.63536544,20.0189294,20.39642917,20.76803194,21.13389881,21.494185,21.84904015,22.19860849,22.54302915,22.88243627,23.21695929,23.54672311,23.87184829,24.19245122,24.50864428,24.82053605,25.12823142,25.43183175,25.73143503,26.027136,26.3190263,26.60719457,26.89172659,27.17270537,27.45021129,27.72432218,27.99511343,28.26265808,28.52702691,28.78828853,29.04650946,29.30175422,29.55408539,29.80356368,30.05024804,30.29419564,30.53546204,30.77410118,31.01016545,31.24370575,31.47477156,31.70341097,31.92967073,32.15359631,32.37523193,32.59462063,32.81180425,33.02682356,33.23971821,33.45052683,33.65928703,33.86603546,34.07080779,34.27363882,34.47456245,34.67361171,34.87081883,35.06621522,35.25983154,35.45169767,35.64184278,35.83029534,36.01708313,36.20223326,36.38577223,43.4999949
0.061450945,44,16.05918341,16.50310056,16.93921021,17.36774499,17.78892778,18.20297405,18.61009087,19.01047755,19.40432598,19.79182092,20.17314028,20.54845542,20.91793141,21.28172732,21.63999641,21.99288645,22.34053988,22.68309407,23.02068153,23.3534301,23.68146315,24.00489977,24.32385494,24.63843969,24.94876128,25.25492337,25.55702612,25.85516635,26.14943772,26.43993078,26.72673316,27.00992965,27.28960231,27.56583062,27.83869152,28.10825958,28.374607,28.63780381,28.89791785,29.15501492,29.40915885,29.66041154,29.90883307,30.15448173,30.39741413,30.63768523,30.87534841,31.11045553,31.34305696,31.57320169,31.80093732,32.02631013,32.24936513,32.47014613,32.68869571,32.90505533,33.11926536,33.33136508,33.54139273,33.74938558,33.95537992,34.1594111,34.3615136,34.56172098,34.76006601,34.95658059,35.15129588,35.34424223,35.53544927,35.72494592,35.91276038,36.0989202,36.28345226,36.46638281,43.99998942
0.063223825,44.5,16.23775174,16.67880539,17.1121337,17.53796637,17.95652342,18.36801756,18.77265324,19.17062722,19.56212893,19.94734079,20.32643844,20.69959108,21.06696168,21.4287073,21.78497929,22.13592355,22.48168076,22.82238659,23.1581719,23.48916297,23.81548165,24.13724559,24.45456837,24.7675597,25.07632555,25.38096834,25.68158706,25.97827739,26.27113189,26.56024006,26.84568853,27.12756111,27.40593894,27.68090059,27.95252215,28.22087733,28.48603757,28.7480721,29.00704803,29.26303045,29.5160825,29.76626541,30.01363863,30.25825984,30.50018505,30.73946864,30.97616346,31.21032081,31.44199058,31.67122123,31.8980599,32.12255241,32.34474333,32.56467601,32.78239264,32.99793428,33.21134089,33.42265139,33.63190365,33.83913459,34.04438015,34.24767538,34.4490544,34.6485505,34.84619612,35.04202289,35.23606167,35.42834256,35.61889492,35.80774741,35.99492799,36.18046396,36.36438197,36.54670806,44.49998084
0.065046061,45,16.41515147,16.85337238,17.28394944,17.70710838,18.12306744,18.53203628,18.93421673,19.32980304,19.71898224,20.1019344,20.47883295,20.84984492,21.21513125,21.574847,21.92914162,22.27815921,22.62203867,22.960914,23.29491445,23.62416475,23.94878526,24.26889221,24.58459779,24.89601041,25.20323478,25.50637209,25.80552016,26.10077357,26.39222378,26.67995928,26.96406568,27.24462584,27.52171999,27.79542581,28.06581853,28.33297105,28.59695402,28.8578359,29.11568309,29.37055997,29.62252898,29.87165072,30.117984,30.3615859,30.60251184,30.84081564,31.0765496,31.3097645,31.54050971,31.76883323,31.9947817,32.21840049,32.43973374,32.65882436,32.87571415,33.09044375,33.30305275,33.51357968,33.72206207,33.92853649,34.13303855,34.33560295,34.53626351,34.73505322,34.93200421,35.12714785,35.3205147,35.51213459,35.70203664,35.89024923,36.07680009,36.26171629,36.44502425,36.62674976,44.99996956
0.066919109,45.5,16.59139486,17.02681342,17.45466825,17.87518218,18.28857066,18.69504068,19.09479149,19.48801486,19.87489543,20.25561099,20.63033274,20.99922562,21.36244852,21.72015456,22.07249131,22.41960107,22.76162103,23.09868351,23.43091618,23.75844223,24.08138058,24.39984601,24.71394941,25.02379785,25.32949481,25.63114028,25.92883094,26.22266025,26.51271862,26.7990935,27.08186954,27.36112864,27.63695013,27.90941082,28.17858509,28.44454505,28.70736055,28.96709931,29.22382702,29.47760734,29.72850207,29.97657115,30.22187277,30.46446341,30.70439792,30.94172956,31.17651008,31.40878977,31.63861747,31.86604071,32.09110567,32.31385726,32.53433918,32.75259394,32.96866291,33.18258636,33.39440349,33.60415246,33.81187046,34.01759369,34.22135744,34.4231961,34.62314318,34.82123135,35.01749246,35.21195758,35.40465702,35.59562034,35.78487639,35.97245332,36.1583786,36.34267907,36.52538092,36.70650973,45.49995837
0.068844481,46,16.76649402,17.1991406,17.62430185,18.04219878,18.45304375,18.85704111,19.25438755,19.64527239,20.02987792,20.40837966,20.78094665,21.14774173,21.50892179,21.86463803,22.21503617,22.56025672,22.90043517,23.23570223,23.56618398,23.89200211,24.21327409,24.53011332,24.84262935,25.15092797,25.45511144,25.75527856,26.05152487,26.34394275,26.63262156,26.91764775,27.19910498,27.47707425,27.75163398,28.02286011,28.29082621,28.55560357,28.81726129,29.07586636,29.33148373,29.58417641,29.83400551,30.08103035,30.3253085,30.56689585,30.80584668,31.0422137,31.27604813,31.50739975,31.73631692,31.96284667,32.18703472,32.40892556,32.62856244,32.84598747,33.0612416,33.27436473,33.48539566,33.69437222,33.90133123,34.10630856,34.30933917,34.51045713,34.70969563,34.90708706,35.10266298,35.29645419,35.4884907,35.67880182,35.86741616,36.0543616,36.2396654,36.42335414,36.6054538,36.78598974,45.99995345
0.07082374,46.5,16.94046094,17.37036484,17.79286149,18.20816909,18.61649727,19.01804779,19.4130148,19.80158521,20.183939,20.56024943,20.93068341,21.29540173,21.65455928,22.00830536,22.35678389,22.70013361,23.03848835,23.37197719,23.70072468,24.02485101,24.34447223,24.65970038,24.97064367,25.27740666,25.58009037,25.87879246,26.17360733,26.4646263,26.7519377,27.03562697,27.31577684,27.59246737,27.8657761,28.13577812,28.4025462,28.66615083,28.92666036,29.18414105,29.43865714,29.69027096,29.93904299,30.18503191,30.42829468,30.66888662,30.90686144,31.14227131,31.37516693,31.60559756,31.83361108,32.05925406,32.28257176,32.50360822,32.72240629,32.93900764,33.15345285,33.36578142,33.57603179,33.78424143,33.99044681,34.19468347,34.39698604,34.59738828,34.79592308,34.99262253,35.18751791,35.38063973,35.57201775,35.76168102,35.94965788,36.13597599,36.32066235,36.50374333,36.68524469,36.86519156,46.49996239
0.072858508,47,17.11330744,17.54049793,17.96035826,18.37310384,18.77894164,19.17807081,19.57068302,19.95696281,20.33708784,20.71122919,21.07955165,21.44221395,21.79936906,22.1511644,22.49774208,22.83923914,23.17578773,23.50751535,23.83454502,24.15699547,24.47498135,24.78861333,25.09799836,25.40323972,25.70443725,26.00168747,26.29508366,26.5847161,26.87067208,27.15303607,27.43188987,27.70731262,27.97938099,28.24816925,28.51374934,28.776191,29.03556181,29.29192732,29.54535108,29.79589475,30.04361817,30.2885794,30.53083481,30.77043913,31.00744552,31.24190563,31.47386962,31.70338626,31.93050297,32.15526582,32.37771964,32.59790804,32.81587344,33.03165712,33.24529926,33.45683898,33.66631437,33.87376252,34.07921958,34.28272075,34.48430034,34.68399179,34.88182772,35.0778399,35.27205933,35.46451627,35.65524019,35.8442599,36.03160349,36.21729837,36.40137132,36.58384847,36.76475536,36.94411692,46.99998476
0.074950468,47.5,17.2850456,17.70955121,18.12680314,18.53701369,18.94038715,19.33712014,19.72740188,20.11141454,20.48933352,20.86132773,21.22755986,21.58818665,21.94335914,22.2932229,22.63791827,22.97758059,23.31234037,23.64232355,23.96765165,24.28844195,24.60480771,24.91685828,25.22469932,25.5284329,25.82815767,26.12396901,26.41595914,26.70421726,26.98882967,27.2698799,27.54744878,27.82161459,28.09245313,28.36003784,28.62443987,28.88572818,29.14396964,29.39922907,29.65156935,29.90105148,30.14773466,30.39167635,30.63293231,30.87155672,31.10760219,31.34111984,31.57215932,31.80076891,32.02699554,32.25088484,32.4724812,32.69182779,32.90896662,33.12393856,33.33678342,33.54753995,33.75624586,33.96293791,34.16765189,34.3704227,34.57128431,34.77026988,34.9674117,35.16274127,35.35628933,35.54808583,35.73816002,35.92654043,36.1132549,36.29833062,36.48179414,36.66367136,36.84398759,37.02276756,47.49999975
0.077101364,48,17.4556862,17.87753585,18.29220696,18.69990911,19.10084397,19.49520564,19.88318092,20.26494965,20.640685,21.01055373,21.37471647,21.73332799,22.08653742,22.43448852,22.77731989,23.11516516,23.44815327,23.77640859,24.10005115,24.41919684,24.73395752,25.04444124,25.35075241,25.65299187,25.95125713,26.24564244,26.53623895,26.82313484,27.10641541,27.38616324,27.66245824,27.93537782,28.20499692,28.47138817,28.73462195,28.99476646,29.25188782,29.50605018,29.75731573,30.00574483,30.25139605,30.49432623,30.73459059,30.97224272,31.20733469,31.4399171,31.67003911,31.8977485,32.12309174,32.346114,32.56685924,32.7853702,33.00168848,33.21585457,33.42790789,33.63788682,33.84582871,34.05176998,34.2557461,34.45779161,34.65794021,34.85622473,35.05267718,35.24732877,35.44020995,35.63135044,35.8207792,36.00852452,36.19461401,36.37907461,36.56193263,36.74321377,36.92294312,37.1011452,48.00001965
0.079313005,48.5,17.62524103,18.04446291,18.45658043,18.86180048,19.26032214,19.65233703,20.03802955,20.41757726,20.79115111,21.15891574,21.52102977,21.877646,22.2289117,22.57496883,22.91595426,23.25199998,23.58323332,23.90977715,24.23175003,24.54926643,24.86243689,25.17136816,25.47616338,25.77692224,26.07374108,26.36671305,26.65592826,26.94147385,27.22343416,27.50189082,27.77692285,28.04860678,28.31701672,28.58222451,28.84429972,29.10330984,29.35932027,29.61239446,29.86259394,30.10997842,30.35460586,30.59653252,30.83581301,31.0725004,31.30664622,31.53830054,31.76751204,31.99432802,32.21879447,32.44095614,32.66085653,32.87853798,33.09404168,33.30740775,33.5186752,33.72788206,33.93506534,34.14026112,34.34350451,34.54482977,34.74427026,34.94185852,35.13762628,35.33160446,35.52382325,35.71431209,35.90309969,36.0902141,36.27568269,36.45953215,36.64178859,36.82247747,37.00162369,37.17925154,48.50000056
0.081587273,49,17.79372137,18.21034331,18.61993412,19.02269804,19.41883159,19.80852392,20.19195709,20.56930638,20.94074058,21.30642225,21.66650797,22.02114865,22.3704897,22.7146713,23.05382864,23.38809206,23.71758735,24.04243585,24.36275469,24.67865696,24.99025187,25.2976449,25.60093796,25.90022956,26.19561491,26.48718609,26.77503215,27.05923924,27.33989073,27.61706732,27.89084716,28.1613059,28.42851685,28.69255103,28.95347728,29.21136233,29.46627088,29.71826569,29.96740765,30.21375584,30.4573676,30.6982986,30.93660291,31.17233302,31.40553994,31.63627326,31.86458113,32.09051041,32.31410662,32.53541406,32.75447582,32.97133382,33.18602886,33.39860065,33.60908786,33.81752813,34.02395816,34.22841365,34.43092942,34.63153939,34.83027664,35.0271734,35.2222611,35.41557041,35.60713123,35.79697275,35.98512343,36.17161107,36.3564628,36.53970509,36.72136382,36.90146423,37.08003101,37.25708826,49.00001866
0.083926118,49.5,17.96113833,18.37518783,18.78227848,19.1826119,19.57638209,19.96377579,20.34497272,20.72014593,21.08946206,21.4530816,21.81115918,22.16384378,22.51127901,22.85360331,23.19095017,23.52344836,23.85122208,24.17439122,24.49307148,24.80737459,25.11740845,25.42327727,25.72508177,26.0229193,26.31688394,26.60706672,26.89355564,27.17643588,27.45578987,27.73169738,28.00423567,28.27347957,28.53950156,28.8023719,29.06215866,29.31892784,29.57274346,29.82366761,30.07176052,30.31708064,30.55968473,30.79962787,31.03696357,31.27174378,31.504019,31.73383831,31.96124938,32.18629859,32.40903103,32.62949056,32.84771983,33.06376037,33.27765259,33.48943581,33.69914834,33.90682746,34.11250952,34.31622991,34.5180231,34.71792272,34.91596154,35.11217149,35.30658374,35.49922866,35.6901359,35.87933439,36.06685234,36.25271731,36.43695619,36.61959523,36.80066008,36.98017577,37.15816679,37.33465703,49.50000021
0.086331569,50,18.12750293,18.53900712,18.94362381,19.34155205,19.73298334,20.11810202,20.49708553,20.8701047,21.23732405,21.59890206,21.95499138,22.30573915,22.65128717,22.99177215,23.32732594,23.65807572,23.98414417,24.30564972,24.62270667,24.9354254,25.24391252,25.54827101,25.84860039,26.14499686,26.43755343,26.72636005,27.01150371,27.29306863,27.57113628,27.84578555,28.11709283,28.38513211,28.64997508,28.91169122,29.17034785,29.42601028,29.67874183,29.92860391,30.17565614,30.41995634,30.66156068,30.90052366,31.13689825,31.37073587,31.6020865,31.83099872,32.05751973,32.28169546,32.50357053,32.72318838,32.94059126,33.15582027,33.36891545,33.57991575,33.7888591,33.99578245,34.20072179,34.40371219,34.60478781,34.80398196,35.00132711,35.19685491,35.39059625,35.58258124,35.77283925,35.96139895,36.14828833,36.33353468,36.51716468,36.69920435,36.87967912,37.05861382,37.23603272,37.4119595,50.00000963
